Sharpness,Contrast,HistogramPeak,EdgeDensity,EdgeStrength,NoiseLevel,HighFreqEnergy,ColorDiversity,UniqueColors,Saturation,TextureUniformity,CompressionArtifacts,HistogramEntropy,DynamicRange,Brightness,LightingCondition,Label,DeviceManufacturer,DeviceModel,DeviceOS,CameraMegapixels
8.850477384755784,22.782745620462386,0.0523412711918354,0.0012432667156046,14.527136485851706,0.017610989511013,17213587456.0,0.022,1236,90.51060007650872,0.0181410983204841,3892.75,5.45003604888916,121.0,149.13845493739726,avg,real,Oneplus,CPH2585,android,8.3
24.916442297441115,26.26479443698282,0.0449270270764827,0.0223572993843264,25.221154192420563,0.0327925756573677,32017879040.0,0.0217,1188,85.63168035658383,0.016022004187107,5878.125,5.802150726318359,156.0,148.50154291080932,avg,real,Oneplus,CPH2585,android,8.3
53.4081850565448,28.875664683520732,0.0379290580749511,0.0701193432384622,37.47853351790624,0.0292916074395179,31070660608.0,0.0214,1116,72.49760399970101,0.0160169377923011,7023.5,5.98921537399292,170.0,155.7716449767044,avg,real,Oneplus,CPH2585,android,8.3
14.186811735354986,16.054353883578063,0.0783044099807739,0.0044038689698164,18.007089145231877,0.020821176469326,13095384064.0,0.0119,582,65.8872086709968,0.0224352348595857,1573.75,5.0175933837890625,113.0,158.66637173480262,avg,real,Oneplus,CPH2585,android,8.3
25.2033907440283,23.948520033363017,0.0392144434154033,0.0093394167823844,26.75695511629213,0.0207055453211069,15491132416.0,0.0184,978,112.84546716921244,0.0159916132688522,4793.375,5.804513454437256,124.0,129.81437016464986,avg,real,Oneplus,CPH2585,android,8.3
44.42651054209869,27.32324154214242,0.0231380052864551,0.0280138296120869,36.012322036776034,0.0113786710426211,14615345152.0,0.0208,1127,64.51036587682526,0.0157313607633113,4852.0,6.228372573852539,152.0,170.7894910145515,avg,real,Oneplus,CPH2585,android,8.3
12.353491525756167,26.46275644535802,0.0264021009206771,0.00329617506352,16.324043842804883,0.0158343650400638,22584123392.0,0.0393,2218,77.66653695607388,0.0179244391620159,3977.0,6.212380409240723,152.0,180.3134996026932,avg,real,Oneplus,CPH2585,android,8.3
15.508813764269606,23.685358058831888,0.0415939725935459,0.0031150203140375,20.044533986289764,0.0217768736183643,19343452160.0,0.0204,996,102.71704024775278,0.0188962575048208,3896.0,5.743368148803711,125.0,141.86121256391527,avg,real,Oneplus,CPH2585,android,8.3
23.662803428819444,24.100550584783132,0.0383101850748062,0.008179012345679,26.803302225544396,0.0249227099120616,17876307968.0,0.0196,1004,117.69010030864196,0.0159905180335044,5313.875,5.8377227783203125,123.0,126.98488425925926,avg,real,Oneplus,CPH2585,android,8.3
17.300237968004538,18.62107425592579,0.043817151337862,0.0009701768244881,15.829377758958543,0.0239719003438949,12549838848.0,0.0144,773,115.00186826620693,0.0171800721436738,3699.625,5.609312057495117,126.0,108.84174103187166,avg,real,Oneplus,CPH2585,android,8.3
21.280866985788517,24.57534105134548,0.0338524617254734,0.0027846266415599,24.853782231896037,0.0775824040174484,45337362432.0,0.0216,1148,161.0159309773242,0.0153040438890457,4880.625,6.012005805969238,140.0,114.0576899736102,avg,fake,Oneplus,CPH2585,android,8.3
26.111641950927567,31.180325761704065,0.0306898709386587,0.0093586026178708,30.33856773041268,0.0431086868047714,34674143232.0,0.0317,1687,149.54010875013483,0.0156514551490545,5770.625,6.241244792938232,163.0,133.27864525502986,avg,fake,Oneplus,CPH2585,android,8.3
26.309144029441132,30.480817964952195,0.029393196105957,0.0122144887756102,31.922301844635996,0.0550414733588695,33167620096.0,0.0292,1650,152.79022840897952,0.0155813712626695,6250.375,6.181682109832764,144.0,114.50969512792864,avg,fake,Oneplus,CPH2585,android,8.3
45.08738280996763,31.937516797535302,0.0272531937807798,0.0297026250757275,35.578042888750026,0.0643486380577087,50344386560.0,0.0348,1965,155.15955300055353,0.0146897342056036,6072.625,6.305093765258789,158.0,132.2775092507442,avg,fake,Oneplus,CPH2585,android,8.3
11.964848810018683,25.94742843082133,0.0316198207437992,0.0019056130834976,16.87633168029921,0.0387013256549835,26457475072.0,0.0271,1513,138.7024983563445,0.0194405429065227,4713.125,6.081018924713135,141.0,123.48645525147928,avg,fake,Oneplus,CPH2585,android,8.3
25.556002533489146,26.389086194319106,0.0317268706858158,0.0068770004572473,29.334399536843176,0.0091209411621093,9165946880.0,0.0283,1549,149.37393080323122,0.017468636855483,4996.75,6.012092113494873,151.0,150.6939795762841,avg,fake,Oneplus,CPH2585,android,8.3
25.600233111057197,34.406798742892164,0.0288516636937856,0.0126900813062146,32.0394316517197,0.01847830042243,15133197312.0,0.0312,1643,147.40363261882416,0.0167102832347154,5838.25,6.28397274017334,176.0,134.88449368402695,avg,fake,Oneplus,CPH2585,android,8.3
23.274318939765056,33.219470917640685,0.0290622562170028,0.0062719278930139,28.840938545867363,0.0295090284198522,26181611520.0,0.0365,1946,142.22734545881593,0.0157624818384647,6042.0,6.3340253829956055,182.0,139.87492843616505,avg,fake,Oneplus,CPH2585,android,8.3
18.138055247269108,31.83785014336382,0.0325413234531879,0.0095880681818181,28.399129465281085,0.0359744019806385,31852365824.0,0.0257,1391,143.41838842975207,0.0172708965837955,5767.25,6.140513896942139,155.0,140.02728725464877,avg,fake,Oneplus,CPH2585,android,8.3
24.932619534218738,32.66576544948586,0.0314059928059577,0.0163937445891432,36.93223124439189,0.0421002507209777,26238896128.0,0.0266,1394,143.41660373187938,0.0207119081169366,4586.625,6.1681623458862305,157.0,141.70174436810404,avg,fake,Oneplus,CPH2585,android,8.3
25.02628950513528,29.28589973764326,0.0272726435214281,0.0081308792452482,30.85361832967696,0.0347653068602085,33334110208.0,0.0288,1552,96.64501090353669,0.0173262506723403,6014.875,6.285488128662109,156.0,146.55639628144925,avg,fake,Oneplus,CPH2585,android,8.3
23.37403425009831,31.09956356162145,0.0250646509230136,0.0093852551984877,33.631168448953325,0.0468555092811584,43581710336.0,0.0281,1704,97.80706238185256,0.0170762743800878,6137.5,6.354170322418213,153.0,143.8838684310019,avg,fake,Oneplus,CPH2585,android,8.3
80.11784973601077,25.28453355110113,0.0320360027253627,0.055605346961347,41.9972714403315,0.0379151329398155,21153890304.0,0.024,1284,100.10013157643829,0.0154406763613224,4692.875,6.115682601928711,141.0,140.17320417230792,avg,fake,Oneplus,CPH2585,android,8.3
35.67757405652309,30.229466097943924,0.0262614209204912,0.0262572225208277,37.89596562299336,0.0583700612187385,49541840896.0,0.0266,1455,105.5945856288632,0.0167212933301925,6212.75,6.214939117431641,143.0,137.33755626847622,avg,fake,Oneplus,CPH2585,android,8.3
43.61181508893202,29.352210362618575,0.027784613892436,0.0314815493614146,38.24814262632593,0.037784032523632,40855650304.0,0.0282,1511,83.26721614502877,0.0170360188931226,6394.875,6.273079872131348,146.0,155.97144039084878,avg,fake,Oneplus,CPH2585,android,8.3
14.543984106749765,29.513612310777702,0.0315114967525005,0.0030756281689491,23.64472039741462,0.0411879085004329,39114809344.0,0.0238,1339,87.85076429504123,0.0150499250739812,4672.25,6.088913917541504,140.0,145.76515114392038,avg,fake,Oneplus,CPH2585,android,8.3
35.26505091845617,29.994833011821093,0.026672875508666,0.0228239827598801,37.053064963362225,0.0503508783876895,48337960960.0,0.0232,1406,96.21321407699612,0.0162853449583053,6062.75,6.213316917419434,146.0,146.5099806413909,avg,fake,Oneplus,CPH2585,android,8.3
31.393384759419313,29.074147904960594,0.031797744333744,0.0121742112482853,31.3242501623337,0.0302119590342044,30795450368.0,0.0206,1153,96.45805707971346,0.0159526690840721,4981.875,6.115108489990234,145.0,151.30826093583295,avg,fake,Oneplus,CPH2585,android,8.3
55.86597182940516,30.22067261313389,0.0267584938555955,0.0469054178145087,40.08227241744088,0.0308325011283159,32337004544.0,0.025,1437,92.98594123048667,0.0158280320465564,5749.375,6.241227626800537,145.0,153.35120293847567,avg,fake,Oneplus,CPH2585,android,8.3
13.826569079811112,28.034749551104465,0.0311330128461122,0.0025023968224981,23.753908251490504,0.0333492048084735,35133415424.0,0.025,1390,85.68029241234478,0.0154881989583373,4969.0,6.135676383972168,140.0,154.1104278898831,avg,fake,Oneplus,CPH2585,android,8.3
23.95509774103737,19.192410237211504,0.0441821925342083,0.0074971597875971,18.187367338437195,0.0189344510436058,19283187712.0,0.0222,1145,54.16657407824472,0.0170333050191402,2833.0,5.591207027435303,167.0,152.8000990946354,dull,real,Oneplus,CPH2585,android,8.3
33.47237453644257,21.327446498423026,0.0508582890033721,0.0,16.046902003898733,0.0175572372972965,915515264.0,0.0105,415,94.08765522279036,0.0255228616297245,790.0,5.445641040802002,94.0,102.0463842220599,dull,real,Oneplus,CPH2585,android,8.3
15.233606080793372,18.151669044796407,0.051587987691164,0.0026690904893813,16.338615083714355,0.0185737162828445,9139044352.0,0.0121,634,107.58268890427824,0.0179201401770114,3600.0,5.391904354095459,96.0,105.49864381348108,dull,real,Oneplus,CPH2585,android,8.3
13.344228210535228,17.582013554422808,0.0551354885101318,0.0044664682624441,15.420122681025507,0.0272927768528461,11581067264.0,0.0127,637,117.49439199548132,0.0184236727654933,3558.625,5.397891044616699,97.0,97.8476464417769,dull,real,Oneplus,CPH2585,android,8.3
11.468718277936636,13.654986177278436,0.0582226291298866,0.0029752066115702,13.231370262530488,0.0092196436598896,3973760512.0,0.0134,693,111.27413529231713,0.0180774517357349,2861.5,5.2415618896484375,94.0,99.25532904805632,dull,real,Oneplus,CPH2585,android,8.3
18.956455901361856,20.623289800557107,0.0421582721173763,0.0019953400753519,17.190440997577593,0.032557725906372,18894186496.0,0.0177,936,113.83564677110186,0.0178379490971565,3898.5,5.686708450317383,117.0,114.41253965893316,dull,real,Oneplus,CPH2585,android,8.3
19.35111744645523,18.001308560556073,0.0470741018652915,0.0001673971268565,15.79378380922436,0.0371705144643783,16378333184.0,0.0123,634,125.2825562048535,0.0190968476235866,3298.0,5.429275989532471,100.0,99.6908834510186,dull,real,Oneplus,CPH2585,android,8.3
20.37182629357206,19.180654712000777,0.0452249124646186,0.0019800076893502,16.421318993192966,0.0296142771840095,17881141248.0,0.0181,959,99.40021914648212,0.0180644858628511,3477.75,5.611293792724609,116.0,117.02114571318724,dull,real,Oneplus,CPH2585,android,8.3
17.037990875131637,17.898627435734976,0.0511896200478076,0.0,12.317446189732568,0.0309406779706478,14805908480.0,0.0125,584,110.17653677345764,0.023729134351015,2348.625,5.420559406280518,101.0,104.0377839218409,dull,real,Oneplus,CPH2585,android,8.3
19.72491146996185,18.368478644321907,0.0420112423598766,0.0,14.074085863757812,0.0334168747067451,15732271104.0,0.0149,761,121.02961332504634,0.0204425062984228,3211.375,5.5650506019592285,106.0,103.08914666616003,dull,real,Oneplus,CPH2585,android,8.3
19.48243614900801,23.92863107993959,0.0399240925908088,0.0120119490906478,19.7776999499689,0.0307230167090892,24199895040.0,0.0231,1302,107.51394559452112,0.015933409333229,4966.0,5.84647798538208,174.0,133.31568407945306,avg,real,Oneplus,CPH2585,android,8.3
9.38762951472861,23.9575192057842,0.0496001094579696,0.0001638890507546,15.78619753786479,0.0199637338519096,17446103040.0,0.0177,966,97.9696914515471,0.018304718658328,3907.75,5.549237251281738,121.0,140.63061593147253,avg,real,Oneplus,CPH2585,android,8.3
78.33680047567634,34.37953262204464,0.0164318345487117,0.1426789334164977,45.59569886131765,0.059049978852272,71737188352.0,0.0339,1900,74.4237736437484,0.0175995249301195,9836.625,6.753460884094238,201.0,164.72369214655373,avg,real,Oneplus,CPH2585,android,8.3
14.830763914462626,23.42673229052474,0.0443807318806648,0.0085229336776039,17.335731609454978,0.0239714924246072,17956972544.0,0.0189,974,108.78711667756484,0.0202830284833908,3936.875,5.6840338706970215,122.0,129.98727428197776,avg,real,Vivo,I2208,android,2.1
16.605588947941552,25.90973836226399,0.0366289131343364,0.0064121779249045,23.78318510816698,0.0344217270612716,28473575424.0,0.0238,1312,105.16864223435728,0.0154006052762269,6404.875,5.870330810546875,172.0,136.36726987188678,avg,real,Oneplus,CPH2585,android,8.3
33.52376813805198,24.06014523124696,0.0380648151040077,0.0148914436788976,30.806239761524797,0.0369343496859073,31808196608.0,0.0226,1198,109.83457178336803,0.0158018860965967,4330.625,5.847654342651367,126.0,139.57128264701169,avg,real,Oneplus,CPH2585,android,8.3
27.92124501375141,24.322179889650435,0.0384877063333988,0.0088933776599475,18.7998746952855,0.0325055979192256,29278812160.0,0.0256,1334,101.09872841532356,0.0178818926215171,4450.5,5.9065961837768555,137.0,142.78115136977655,avg,real,Vivo,I2208,android,2.1
31.30799693457537,22.42624443021318,0.0427694506943225,0.0136918048469387,31.80815792358752,0.0299727283418178,16502878208.0,0.0193,1035,97.76096141581633,0.0187185611575841,2922.25,5.679337501525879,122.0,146.17348931760205,avg,real,Oneplus,CPH2585,android,8.3
29.704830758552596,23.700815940015794,0.0390979386866092,0.0138949196699956,28.35497300705496,0.0409182831645011,34286467072.0,0.0202,1039,102.91037592039984,0.0158549640327692,4200.625,5.774540424346924,126.0,137.67377426298722,avg,real,Oneplus,CPH2585,android,8.3
26.803667924428225,23.07418752767773,0.0391685776412487,0.0063588877177754,17.96061568483876,0.026571849361062,20318859264.0,0.0212,1067,107.25823051646104,0.0177049897611141,4395.375,5.798251152038574,128.0,131.43946462892924,avg,real,Vivo,I2208,android,2.1
14.112987244446275,22.710345846090895,0.0410077199339866,0.0031997868698205,17.695177981694414,0.028395963832736,24114157568.0,0.0226,1242,98.8156905757916,0.0163737777620553,4274.0,5.677358150482178,145.0,138.7868443129386,avg,real,Oneplus,CPH2585,android,8.3
36.748622184638094,23.38608717707497,0.0407966710627079,0.0126429428803484,26.08929863602413,0.0269799791276454,18996111360.0,0.0193,995,121.06387597122097,0.0159443914890289,5476.75,5.682008266448975,118.0,125.91017688619914,avg,real,Vivo,I2208,android,2.1
20.372677640322248,23.591395728821016,0.0421579740941524,0.0120437495754117,25.01061857387524,0.0275298785418272,23602673664.0,0.0196,978,105.22525014314692,0.0176647901535034,4232.75,5.716186046600342,126.0,139.31769878009723,avg,real,Oneplus,CPH2585,android,8.3
15.920173729983324,24.32310345862179,0.0423149988055229,0.004716378113814,21.459099755240416,0.0291316714137792,25261465600.0,0.0207,1124,98.09106307984511,0.0156623572111129,4820.25,5.693154811859131,148.0,140.01264701585214,avg,real,Oneplus,CPH2585,android,8.3
43.32808631583306,21.27485134880559,0.0434101186692714,0.013929206079403,24.715429310461555,0.0103193614631891,7504659968.0,0.022,1079,118.92519950110926,0.017017412930727,3964.5,5.6921539306640625,132.0,128.39467555545744,avg,real,Vivo,I2208,android,2.1
24.047578314023895,33.21834968640336,0.0374533869326114,0.0157816877884503,31.386541373422812,0.0128140561282634,16442978304.0,0.0349,1846,84.03489014172843,0.01646164432168,6358.0,6.092043399810791,200.0,169.66240140705847,avg,real,Oneplus,CPH2585,android,8.3
40.27230434456023,26.223347710031696,0.032170046120882,0.0121573335216439,23.347846438818937,0.0366786085069179,31810109440.0,0.0265,1455,98.45199632794294,0.0156271252781152,5125.375,6.04058837890625,187.0,139.6980128521997,avg,real,Vivo,I2208,android,2.1
15.280287910934458,25.855341559684447,0.0381456911563873,0.0030187238434439,19.867752381086117,0.0209247004240751,23302963200.0,0.025,1335,96.76224865097048,0.0165263935923576,5764.0,5.93543815612793,141.0,158.95405693217714,avg,real,Oneplus,CPH2585,android,8.3
20.45395694960433,20.276099503556335,0.0449714288115501,0.0110612244897959,19.10175599081665,0.0271689649671316,16318783488.0,0.019,997,107.77705306122448,0.0188667401671409,3851.125,5.678532600402832,119.0,116.52043265306122,avg,real,Vivo,I2208,android,2.1
19.568106076434745,28.870845150178763,0.0366534143686294,0.0075549170072876,23.140599006405072,0.0147974221035838,20173387776.0,0.0335,1751,93.13885454835705,0.015973474830389,5765.125,5.959786415100098,144.0,175.83090350867425,avg,real,Oneplus,CPH2585,android,8.3
19.1905493796254,20.34595565870249,0.04389413818717,0.0069801512287334,16.732200426736764,0.0269227139651775,19317256192.0,0.0179,982,116.84154064272212,0.0184612832963466,3576.25,5.634028434753418,119.0,127.65558128544424,avg,real,Vivo,I2208,android,2.1
11.243618516498367,23.89869127969,0.0381824299693107,0.0,15.466379045643192,0.0230708997696638,22816124928.0,0.0215,1164,110.19544833183818,0.0200409851968288,4179.5,5.818853855133057,126.0,149.86256621384936,avg,real,Oneplus,CPH2585,android,8.3
39.82204483185197,24.66398827724064,0.0388915576040744,0.0134860866314159,24.318525217819605,0.0276985112577676,19193915392.0,0.0228,1162,122.0688858623084,0.0158821642398834,4217.0,5.756719589233398,164.0,125.65504103687088,avg,real,Vivo,I2208,android,2.1
82.29916828760227,31.207840073415102,0.0195322465151548,0.116795829893543,41.380670472126106,0.0464481450617313,45509500928.0,0.0259,1446,84.14332579821145,0.0163355786353349,8114.5,6.588031768798828,185.0,147.8481420809903,avg,real,Oneplus,CPH2585,android,8.3
31.203862854843987,24.876834373474985,0.0387964472174644,0.0094225296496507,21.453747920318985,0.0199671741575002,14560846848.0,0.0256,1318,110.05792745196824,0.0167317911982536,5096.875,5.869183540344238,167.0,127.93978840157403,avg,real,Vivo,I2208,android,2.1
31.65801144737595,28.467441303380628,0.0373106300830841,0.017463707922946,29.17118780255322,0.0092666577547788,9475483648.0,0.0276,1394,99.42666429334282,0.0177021883428096,4677.625,6.015384674072266,184.0,151.67725762430285,avg,real,Oneplus,CPH2585,android,8.3
20.60846205044151,26.376410337594248,0.0364837683737278,0.0115254237288135,28.33448399509068,0.0197148565202951,22901303296.0,0.0259,1338,96.57537489227234,0.0176217034459114,4413.75,5.977829456329346,143.0,162.34309681126112,avg,real,Oneplus,CPH2585,android,8.3
12.023507981925572,24.38892691051692,0.038146574050188,0.0021139158897044,18.18549645617504,0.0221144221723079,21181882368.0,0.0214,1156,108.73499181709978,0.017032528296113,5018.875,5.8158111572265625,125.0,147.34839627554058,avg,real,Oneplus,CPH2585,android,8.3
89.05609257252904,26.17415490201305,0.0295475535094738,0.0602877808556478,32.89146725077133,0.0436126179993152,39546847232.0,0.0268,1479,100.63224261311171,0.0154719883576035,6172.75,6.12828254699707,190.0,142.978017274546,avg,real,Vivo,I2208,android,2.1
28.37400716135526,20.890067837432596,0.0479609854519367,0.0155131849818645,30.345286461355133,0.0295360423624515,12333944832.0,0.0183,920,80.71005293598667,0.0209970846772193,2578.25,5.526088714599609,124.0,156.9859082442898,avg,real,Oneplus,CPH2585,android,8.3
36.786473694207025,26.60272163012434,0.0371334664523601,0.0131952662721893,25.009244547806116,0.0132259828969836,11146648576.0,0.0264,1190,98.85010519395136,0.0170258153229951,4687.125,5.8689374923706055,173.0,137.5617094017094,avg,real,Vivo,I2208,android,2.1
16.146550424549847,22.39646306574286,0.0443567857146263,0.0040731301939058,21.959988424583404,0.0302801430225372,20025970688.0,0.019,985,109.87853739612189,0.0158724840730428,5336.625,5.688052654266357,113.0,122.07656066481997,avg,real,Oneplus,CPH2585,android,8.3
26.962813047446197,24.46864354260734,0.041895754635334,0.009865018420476,21.34961761459391,0.0253994278609752,27747450880.0,0.0227,1152,97.52876702556446,0.0165621303021907,3986.75,5.742131233215332,135.0,158.8827968550158,avg,real,Oneplus,CPH2585,android,8.3
22.50686088637768,27.810685384170096,0.0288592595607042,0.0250666666666666,19.7429598790235,0.0365750007331371,24019689472.0,0.0264,1386,109.63825075445816,0.017138984054327,5861.0,6.328195095062256,180.0,120.5286145404664,avg,real,Vivo,I2208,android,2.1
17.317027720843203,26.880027807293995,0.0380681343376636,0.0029978433425505,18.203499667002696,0.0253244452178478,31432978432.0,0.0246,1292,86.05725433344966,0.0173307675868272,4607.125,5.9161458015441895,144.0,167.8775567427612,avg,real,Oneplus,CPH2585,android,8.3
30.34538281888488,30.522926639881582,0.0226901583373546,0.0184941573523007,22.256613816590303,0.0378024727106094,31667308544.0,0.0308,1662,94.30856936783276,0.0163535606116056,6101.5,6.6507062911987305,175.0,136.32088973363332,avg,real,Vivo,I2208,android,2.1
24.760198330936134,29.243352256006055,0.0430245399475097,0.0104929004816413,22.763136729782374,0.0106202410534024,11012417536.0,0.0247,1261,92.96404370217468,0.0176522061228752,5047.5,5.8001627922058105,182.0,152.6294958403703,avg,real,Oneplus,CPH2585,android,8.3
10.127615722222217,23.204536727382717,0.046894583851099,0.0,11.858281043100794,0.0153386192396283,19157782528.0,0.0245,1181,87.45832841035192,0.0252150446176528,2767.875,5.6882734298706055,139.0,168.95387224342,avg,real,Oneplus,CPH2585,android,8.3
20.65177945500977,18.392558132033184,0.0577308423817157,0.0077570712326175,17.64203915533267,0.0225388314574956,15100361728.0,0.0193,997,115.6778235481291,0.0188402347266674,2945.625,5.497647762298584,112.0,123.54554914388422,avg,real,Vivo,I2208,android,2.1
32.84485975653997,16.677304835902245,0.0563928037881851,0.018044553747605,24.4131970280692,0.0356351137161254,7150670336.0,0.0161,722,115.40461551660042,0.0208276975899934,1930.125,5.359315872192383,109.0,127.01032342932312,avg,real,Vivo,I2208,android,2.1
18.91869964056611,23.90893650652341,0.0410900227725505,0.0059907885368458,23.366641203231513,0.0281310528516769,21595205632.0,0.0229,1197,105.8655048504806,0.0157432854175567,4815.625,5.819654941558838,146.0,131.5584727661089,avg,real,Oneplus,CPH2585,android,8.3
306.79635069752436,24.982422306090744,0.0377466082572937,0.1252517653910553,47.16636939976435,0.1512107253074646,84871331840.0,0.0235,1165,103.13210099735495,0.0182220041751861,8071.375,6.03228759765625,189.0,111.71643937004052,avg,real,Vivo,I2208,android,2.1
24.239222248392075,20.120988804198557,0.0482041649520397,0.0101182210546068,20.587998999318387,0.0250527784228324,13628425216.0,0.0157,841,116.41327828860948,0.0169322043657302,4285.625,5.485910415649414,103.0,110.7494614374179,avg,real,Vivo,I2208,android,2.1
26.6345453888856,26.623065307825637,0.0411540642380714,0.0167125748947575,28.19877238236838,0.0215439144521951,22044297216.0,0.0256,1306,84.01509403143538,0.0154892699792981,5183.375,5.825311183929443,169.0,152.05982671190668,avg,real,Oneplus,CPH2585,android,8.3
65.35859609566761,33.465610953415215,0.0193908344954252,0.0930774155872482,36.932610469649035,0.0330375880002975,36935352320.0,0.0365,2118,80.61119124175924,0.016392782330513,6406.25,6.749253273010254,190.0,157.86934404660556,avg,real,Oneplus,CPH2585,android,8.3
29.924711216966895,14.386224935367604,0.0609766952693462,0.0107176556463529,18.980923533647136,0.0223010685294866,9134899200.0,0.0094,504,117.8649254927095,0.0188376381993293,2423.375,5.155910015106201,90.0,113.0324022147448,avg,real,Vivo,I2208,android,2.1
15.633673176251255,22.78201399940018,0.0426337718963623,0.0028961886392017,20.26228370075337,0.028464300557971,20805998592.0,0.0183,944,109.99084827840932,0.0173421837389469,3955.0,5.666569232940674,120.0,128.46573527428782,avg,real,Oneplus,CPH2585,android,8.3
76.51923701865472,24.766783387746734,0.0377121716737747,0.0379162364579431,27.71340076330096,0.0599939785897731,39394631680.0,0.0245,1339,103.0215363248449,0.0161758735775947,6447.125,5.9306840896606445,193.0,121.21114796438938,avg,real,Vivo,I2208,android,2.1
25.982659340517007,21.716334101759134,0.0485570468008518,0.0090950595924644,21.58356198886263,0.0333300717175006,20276006912.0,0.0156,853,115.86323168973472,0.0160283129662275,5045.25,5.493662357330322,110.0,117.03916162053056,avg,real,Vivo,I2208,android,2.1
35.31024515838115,20.699471950405876,0.0465965494513511,0.0168534065728285,32.1175140416583,0.0333815924823284,8890943488.0,0.0175,816,72.14937111825473,0.0236060228198766,2109.875,5.469970703125,125.0,159.7342779563684,avg,real,Oneplus,CPH2585,android,8.3
14.270417710797046,28.186853277463037,0.058238185942173,0.0094147917488999,14.917220603619691,0.0229147095233201,25110560768.0,0.0203,1172,138.83130856833765,0.0201459378004074,3391.375,5.430248260498047,148.0,157.2382546574468,avg,fake,Vivo,I2208,android,2.1
13.162698366023877,29.93765620947282,0.0440568327903747,0.005274643132716,17.648991781662655,0.0226398352533578,27217704960.0,0.0244,1459,108.9620376398534,0.0164294112473726,4736.625,5.6611647605896,146.0,164.62126555266204,avg,fake,Oneplus,CPH2585,android,8.3
12.4809138936402,32.647579825132674,0.0470078624784946,0.0047767805042217,16.205172204615717,0.0284599456936121,36735094784.0,0.0257,1445,106.29640465844662,0.0175710469484329,4333.0,5.654085159301758,155.0,170.27084074050953,avg,fake,Oneplus,CPH2585,android,8.3
23.476928892047276,25.68359658882532,0.0455360785126686,0.0122246493923194,18.104975107643455,0.0114545989781618,10966436864.0,0.0329,1811,134.70621769939794,0.0182779058814048,3300.5,5.839466571807861,155.0,147.08908306249668,avg,fake,Vivo,I2208,android,2.1
13.779173778523534,28.204169913707013,0.052574872970581,0.0076426258428496,20.095432009567833,0.0267443154007196,23588571136.0,0.0197,1068,114.32341153556987,0.0162331871688365,4439.75,5.531054496765137,137.0,140.51786337992317,avg,fake,Oneplus,CPH2585,android,8.3
15.295531332102604,26.02541891525729,0.0505949556827545,0.0088671077973341,14.550199663861871,0.0147464433684945,13715215360.0,0.0269,1372,126.23747163478956,0.0207288563251495,2828.125,5.7085981369018555,144.0,144.8491733567247,avg,fake,Vivo,I2208,android,2.1
39.47413991334973,30.53374331271738,0.0426230393350124,0.0161600865332612,22.232899398058624,0.015115225687623,13106971648.0,0.0353,1854,119.02126554894538,0.0165756307542324,4544.75,5.939838409423828,180.0,138.79849107625745,avg,fake,Vivo,I2208,android,2.1
17.0390136154573,29.43945756531612,0.0412678122520446,0.0083293373825634,24.82003796994928,0.0289507843554019,27540973568.0,0.0249,1309,113.99767346866288,0.0158210322260856,5039.25,5.689515590667725,140.0,145.9052338075195,avg,fake,Oneplus,CPH2585,android,8.3
11.666203490958724,35.65030504756472,0.0579238757491111,0.0150439049586776,18.994878370714503,0.0066394726745784,10202058752.0,0.0341,1644,89.24706224173553,0.025787316262722,4197.375,5.583982944488525,205.0,185.7723963713843,avg,fake,Vivo,I2208,android,2.1
13.060932132030503,30.106627094854765,0.0439070276916027,0.0041036773476429,16.21721406109593,0.0210879687219858,28064337920.0,0.0282,1572,100.6581700617293,0.0168766137212514,4180.5,5.681288719177246,151.0,173.44571914478666,avg,fake,Oneplus,CPH2585,android,8.3
7.997253531551593,34.01766541954428,0.0562772788107395,0.0103111755200156,16.04429556261109,0.0055519789457321,8201270784.0,0.0339,1601,99.83738476844424,0.0247775167226791,3902.0,5.603508472442627,205.0,183.8026154615876,avg,fake,Vivo,I2208,android,2.1
21.058362460535257,31.464738781456415,0.0481589026749134,0.0112748055049408,20.583660189277037,0.0240683127194643,31844591616.0,0.0271,1510,106.05389269967226,0.0169392824172973,3877.625,5.66505241394043,154.0,172.6884161168152,avg,fake,Oneplus,CPH2585,android,8.3
17.02650693131382,30.961508725822473,0.0539836250245571,0.0072125311498754,15.876850685406692,0.0260873287916183,34929684480.0,0.0253,1407,98.44583125667498,0.0193174257874488,3667.875,5.479964733123779,158.0,173.84500533997863,avg,fake,Oneplus,CPH2585,android,8.3
4.487532203471787,32.16565406741622,0.0508478954434394,0.0010365634871684,10.595742396241045,0.0212996341288089,30041206784.0,0.0233,1307,108.73637986065022,0.0219218470156192,3891.125,5.535299301147461,152.0,178.34557666465764,avg,fake,Vivo,I2208,android,2.1
10.290465750302872,29.929030371457795,0.0485004596412181,0.002109935495456,13.692933893171451,0.0211893320083618,26554322944.0,0.0236,1321,103.99536768151196,0.0197328217327594,3877.25,5.600373268127441,147.0,168.1860559076791,avg,fake,Oneplus,CPH2585,android,8.3
43.78849252316044,26.58715435085284,0.0518913492560386,0.0183561236623067,25.26245338020843,0.0141134588047862,8317658112.0,0.0281,1378,129.9730603448276,0.0187440942972898,3050.0,5.583568572998047,150.0,140.12905023781212,avg,fake,Vivo,I2208,android,2.1
12.53597883666268,31.817398133212823,0.047104001045227,0.00276992,15.558813880885651,0.0284848436713218,34301538304.0,0.025,1414,117.51097856,0.0178237129002809,3737.75,5.694089889526367,156.0,164.4081408,avg,fake,Oneplus,CPH2585,android,8.3
14.368041350372614,28.44166767659819,0.0476987995207309,0.0077711225725242,21.52808206329442,0.0280743576586246,25234857984.0,0.023,1251,122.78097915077684,0.016312401741743,4739.875,5.610157489776611,138.0,141.86058915456374,avg,fake,Oneplus,CPH2585,android,8.3
30.69101220438303,26.351068763337235,0.0523036532104015,0.015102186401961,18.608679079951607,0.0116237318143248,8852143104.0,0.0244,1204,126.45466687915976,0.0197657980024814,3293.875,5.571861743927002,156.0,130.54616791506348,avg,fake,Vivo,I2208,android,2.1
16.0483956746096,29.909245732215513,0.0480555556714534,0.0060204081632653,19.506314530981292,0.0105396369472146,15209578496.0,0.0294,1618,106.79383786848072,0.0184107217937707,3892.625,5.699662208557129,169.0,180.8589342403628,avg,fake,Oneplus,CPH2585,android,8.3
26.90131205932601,34.54037314094485,0.0449389033019542,0.0177777388746892,22.061812755852777,0.0111520439386367,11566237696.0,0.0341,1771,110.00834179475508,0.021750021725893,3964.75,6.0182013511657715,195.0,151.53116137390148,avg,fake,Vivo,I2208,android,2.1
24.760066141753004,32.361872449899856,0.0525924935936927,0.0177944523745225,21.86969123180851,0.008800228126347,9570095104.0,0.0302,1587,112.86544693491764,0.0210953541100025,4552.0,5.686792373657227,186.0,157.09526059951392,avg,fake,Vivo,I2208,android,2.1
11.02475057532692,26.909852714914496,0.0514853484928607,0.0021775379503103,17.077084221279883,0.0327004455029964,34046572544.0,0.0245,1347,121.62096819899712,0.0180126447230577,3776.25,5.5054612159729,143.0,153.36837081383243,avg,fake,Oneplus,CPH2585,android,8.3
36.12079064229323,27.045197853652667,0.0511863492429256,0.0164085276184415,20.69153301583239,0.0155797014012932,15844669440.0,0.0311,1754,132.2506514391861,0.0185705907642841,3686.0,5.677321434020996,151.0,151.50211126495302,avg,fake,Vivo,I2208,android,2.1
20.529412756224,28.167656000039763,0.0522879995405674,0.018848,21.77969295803333,0.0053104497492313,5747167744.0,0.0346,1677,124.725504,0.0245022512972354,2843.875,5.634063720703125,167.0,164.048368,avg,fake,Vivo,I2208,android,2.1
30.4227784835606,26.465721570700943,0.0417738854885101,0.0109771470459236,28.18389954935635,0.0548708662390708,36948774912.0,0.0226,1281,133.45804055318197,0.0189985483884811,5556.375,5.759301662445068,133.0,122.42702911597009,avg,fake,Oneplus,CPH2585,android,8.3
15.330383531980187,28.566827346842,0.0460357144474983,0.0027199546765894,15.365808251111986,0.0314302593469619,26552522752.0,0.0214,1216,122.23796715702856,0.0177902970463037,3460.5,5.681377410888672,142.0,137.32501395730029,avg,fake,Oneplus,CPH2585,android,8.3
14.39394103327933,26.563479789117725,0.0448889546096324,0.0107120430960407,14.622330635158894,0.0191510394215583,17836976128.0,0.0265,1449,120.94260195650736,0.0195071678608655,3228.375,5.732266902923584,142.0,144.85645944874082,avg,fake,Vivo,I2208,android,2.1
11.32434050847588,21.46187783758343,0.0422186553478241,0.0039955549451235,15.238119309404023,0.0060727121308445,6342286336.0,0.0304,1644,130.02079249335114,0.0162085648626089,3358.0,5.749051094055176,153.0,154.4643584012786,avg,fake,Vivo,I2208,android,2.1
11.694596267015818,31.576829519957045,0.0459219589829444,0.0037877831367894,17.491948263277486,0.028590228408575,34186166272.0,0.024,1230,111.47612714605972,0.0159378051757812,4745.125,5.582334518432617,149.0,163.85521970545076,avg,fake,Oneplus,CPH2585,android,8.3
13.806544122153769,31.36834477004891,0.0398250818252563,0.0060225330433926,21.023353410334614,0.030859351158142,36332654592.0,0.0256,1468,115.61379723840462,0.0160889439284801,5548.75,5.798063278198242,155.0,162.58934020600103,avg,fake,Oneplus,CPH2585,android,8.3
23.247933175092864,31.963651314834777,0.04632568359375,0.0108846028645833,24.691215442414663,0.0241669807583093,35595849728.0,0.028,1529,99.59132893880208,0.0156376622617244,5123.25,5.7197160720825195,162.0,182.42325846354169,avg,fake,Oneplus,CPH2585,android,8.3
22.05933893191312,30.2367847346333,0.0444795936346054,0.0131784677239222,19.231405396955328,0.0107139758765697,8801061888.0,0.0318,1616,125.93545388139982,0.01932436786592,4189.875,5.774717330932617,167.0,134.97361891710787,avg,fake,Vivo,I2208,android,2.1
27.51569659320158,32.94546343328084,0.0443386919796466,0.0175749745202994,23.516452745163548,0.0116837881505489,10555129856.0,0.0373,1842,122.38473143994416,0.0193791836500167,4943.25,5.889877796173096,177.0,141.26465183092714,avg,fake,Vivo,I2208,android,2.1
18.742062408289183,30.654000949595723,0.0430229492485523,0.0051797007663633,23.27648087078045,0.0303716510534286,36849885184.0,0.0248,1381,111.19419436177957,0.0162357334047555,4874.125,5.708096981048584,151.0,165.2774624932947,avg,fake,Oneplus,CPH2585,android,8.3
22.28225312047947,32.49130749205583,0.0502235665917396,0.0099626246105434,22.92719472794486,0.0266394466161727,41276887040.0,0.026,1478,92.81639417665312,0.0159888193011283,3852.875,5.556802749633789,163.0,187.15562092275545,avg,fake,Oneplus,CPH2585,android,8.3
13.317377051925629,27.816294309238614,0.0475124642252922,0.0061163434903047,14.914105537115104,0.0232211407274007,21144893440.0,0.026,1380,126.4718271468144,0.0193716846406459,3654.125,5.694665908813477,142.0,142.9366648199446,avg,fake,Vivo,I2208,android,2.1
12.790106204664434,29.31343193830404,0.0462835878133773,0.0085939286998006,15.875720592021027,0.0207848343998193,17927520256.0,0.0254,1381,139.22204250127984,0.0171499829739332,3892.875,5.670032501220703,136.0,138.66525885261794,avg,fake,Vivo,I2208,android,2.1
17.609080165514158,30.956284450530593,0.0485050305724144,0.0092912475430685,19.083873498627,0.0276550129055976,36630401024.0,0.0246,1378,104.65412417620534,0.0171067435294389,3845.75,5.63771390914917,152.0,172.8765498901607,avg,fake,Oneplus,CPH2585,android,8.3
27.267625230835407,30.66772919640326,0.0519339963793754,0.0105601469237832,25.164915216275325,0.0351129025220871,48861413376.0,0.0265,1497,108.47825659189296,0.0163561552762985,4054.125,5.560728073120117,155.0,177.3893573958509,avg,fake,Oneplus,CPH2585,android,8.3
23.95628999439324,28.208037072753307,0.0467971265316009,0.0141453809184763,18.974790784944243,0.0141465291380882,11878884352.0,0.0269,1513,125.23851904592382,0.0173849463462829,4124.25,5.721221923828125,144.0,136.967548504806,avg,fake,Vivo,I2208,android,2.1
22.664287373434412,32.48016698334377,0.0501139499247074,0.0092152199762187,24.24037420517778,0.0221591405570507,31272689664.0,0.0219,1276,100.36266349583828,0.0154395103454589,4328.375,5.509981155395508,156.0,178.3544061302682,avg,fake,Oneplus,CPH2585,android,8.3
26.31599597113893,26.066677809735047,0.049051996320486,0.0113922005170927,18.924508171468943,0.0328003875911235,26367879168.0,0.0204,1167,126.74718561476588,0.0169921945780515,3690.75,5.622008323669434,139.0,134.3234702671646,avg,fake,Vivo,I2208,android,2.1
18.409924994607614,27.105983789913054,0.0512964129447937,0.0114333069881293,17.327849057270964,0.031216736882925,28675014656.0,0.0192,1020,120.03615687417992,0.0205538421869277,3626.0,5.555642604827881,140.0,143.72322956392293,avg,fake,Vivo,I2208,android,2.1
9.707796770153346,28.70123452500989,0.0533010847866535,0.0049236731132278,16.55403763054515,0.0236390754580497,22094045184.0,0.02,1094,123.11764393615152,0.0169264916330575,4168.125,5.415931224822998,133.0,144.713793252179,avg,fake,Oneplus,CPH2585,android,8.3
10.097342905803504,32.987196852595865,0.0386060662567615,0.0057706929666108,16.775187465062846,0.0080579901114106,8110908416.0,0.0365,1959,112.81341279573154,0.0207702629268169,4005.375,6.016998291015625,161.0,149.50501254785104,avg,fake,Oneplus,CPH2585,android,8.3
15.698579865094,28.28515158252985,0.0305623412132263,0.0090135680538906,16.683195929090857,0.0205144118517637,17717946368.0,0.0317,1800,126.2445111808894,0.0179020538926124,3827.5,6.059867858886719,145.0,140.11211169689855,avg,fake,Vivo,I2208,android,2.1
45.170746470545176,31.771167551751248,0.0439014062285423,0.014398152512018,34.26470497207525,0.0362147465348243,19241789440.0,0.0226,1238,102.75612687340936,0.017505282536149,3623.625,5.663839340209961,151.0,168.8054717692525,avg,fake,Oneplus,CPH2585,android,8.3
20.52177135534293,27.92518026882549,0.0315261855721473,0.011381838053781,18.83862044248828,0.0211120061576366,21192265728.0,0.0317,1679,119.61194967368296,0.0177597645670175,3652.75,5.983654975891113,146.0,150.3177115721635,avg,fake,Vivo,I2208,android,2.1
9.131751393696858,28.25527886925841,0.0518953502178192,0.0010973870324982,14.970904128176976,0.0170516204088926,16943327232.0,0.0253,1344,115.1801925685058,0.0177965760231018,4100.625,5.522634983062744,136.0,149.4672280327113,avg,fake,Oneplus,CPH2585,android,8.3
17.853806732600138,25.836497147871064,0.0544314868748188,0.0112786339025406,15.87988765682798,0.0149809913709759,12176947200.0,0.0269,1357,121.27097042898792,0.0183947160840034,3713.125,5.580313682556152,144.0,135.13667638483966,avg,fake,Vivo,I2208,android,2.1
24.614128226068267,30.965298839444376,0.0424006134271621,0.0102939231348733,26.852112198888506,0.014875971712172,13347633152.0,0.0311,1671,118.95380961417916,0.0163204334676265,4847.0,5.80600118637085,165.0,142.37253650317157,avg,fake,Oneplus,CPH2585,android,8.3
135.04227907818066,30.53035830003932,0.0217528697103261,0.2523960408122349,57.50336959375111,0.0900710001587867,103890477056.0,0.035,2118,77.32298935238254,0.0184882339090108,8341.375,6.517446041107178,163.0,162.4267589489237,avg,fake,Oneplus,CPH2585,android,8.3
113.62212888755796,29.085951360042937,0.0264941398054361,0.198583984375,51.786766036621536,0.035938773304224,44074029056.0,0.0285,1685,75.090439453125,0.0166042279452085,8057.375,6.282614231109619,147.0,166.50947265625,avg,fake,Oneplus,CPH2585,android,8.3
22.012332438465325,28.052082275373003,0.0364686772227287,0.0166677734245301,21.388400469545385,0.0086672753095626,9271163904.0,0.03,1569,100.2776110933359,0.018802385777235,4087.875,6.110334396362305,165.0,155.31921713985597,avg,fake,Vivo,I2208,android,2.1
40.091324464574555,27.95844410529252,0.0350079089403152,0.0255683874236205,29.726252196408772,0.0087306350469589,9512445952.0,0.0292,1553,95.74832766410604,0.0171469748020172,4508.75,6.165888786315918,178.0,156.82249976737214,avg,fake,Vivo,I2208,android,2.1
10.036581680986906,25.400162155646647,0.0382024608552455,0.0,15.214343533241154,0.0256705041974782,25416321024.0,0.0195,1111,80.14036016465712,0.0185659695416688,3906.75,5.875570297241211,132.0,149.70273181150228,avg,fake,Oneplus,CPH2585,android,8.3
27.49847585031469,25.942181380343595,0.0382683835923671,0.0220426638236586,23.772116893491727,0.0288052186369895,32847601664.0,0.0224,1202,91.86008472911932,0.0175507180392742,3844.625,5.956451416015625,149.0,160.87972392896222,avg,fake,Vivo,I2208,android,2.1
73.02317548390837,25.54660381064416,0.0331504344940185,0.0582704618198445,37.58064922420287,0.0274794343858957,33299488768.0,0.0268,1507,80.3328856119494,0.014810636639595,5326.25,6.067525386810303,146.0,166.0472774729462,avg,fake,Vivo,I2208,android,2.1
17.51207530103358,27.114537582000008,0.0303097665309906,0.0048088331145679,27.198626984394092,0.0543732605874538,40327614464.0,0.0228,1315,94.60710541887308,0.015294243581593,5441.125,6.151960372924805,145.0,128.61718564618883,avg,fake,Oneplus,CPH2585,android,8.3
77.90045488752186,25.769608848926573,0.032076571136713,0.0727543167561275,39.47812724777802,0.0279229432344436,33578964992.0,0.0275,1507,80.07290213505048,0.0152391605079174,5708.0,6.090158939361572,144.0,165.36959192912113,avg,fake,Vivo,I2208,android,2.1
53.13551968251433,28.36061772725332,0.0235236268490552,0.1322557062263858,47.96307534644408,0.0693892240524292,64597381120.0,0.0284,1757,92.45569910977692,0.0193620808422565,8602.25,6.3449602127075195,145.0,144.5610119817815,avg,fake,Oneplus,CPH2585,android,8.3
12.246327651899858,26.239746355856347,0.0358226262032985,0.0014764424288233,19.801149534663715,0.0342860072851181,34571067392.0,0.0217,1283,77.49936004031242,0.0169025994837284,4577.375,6.100676536560059,147.0,150.97630889392795,avg,fake,Oneplus,CPH2585,android,8.3
49.68088728301238,23.06177963816982,0.0385804176330566,0.0348490755179327,31.443656225930223,0.0191032122820615,23844225024.0,0.0228,1317,82.96633437291156,0.0151589279994368,4038.75,5.853416442871094,136.0,168.92785141456895,avg,fake,Vivo,I2208,android,2.1
21.61980691663539,23.68971453083849,0.0342383496463298,0.004880650485046,29.13745128103348,0.0208127442747354,28494288896.0,0.0255,1436,67.81674918488105,0.0165731459856033,5552.375,5.967764854431152,145.0,176.98927598652872,avg,fake,Oneplus,CPH2585,android,8.3
17.049753064946394,26.835130471826684,0.0353511720895767,0.0159068760982497,22.365515675406527,0.0215707216411829,24823220224.0,0.0263,1379,83.41065522824411,0.018685694783926,4119.875,6.030452251434326,144.0,161.48798735430208,avg,fake,Vivo,I2208,android,2.1
14.882842500288024,25.96303562248935,0.0395132228732109,0.0070208487426035,22.810861516489535,0.0185961835086345,25736482816.0,0.0241,1363,66.91276234282545,0.0161298178136348,4397.25,5.939801216125488,143.0,177.63146033653845,avg,fake,Oneplus,CPH2585,android,8.3
16.919559895413627,28.358517051898662,0.0323850736021995,0.0134180638182801,20.13030706196527,0.0242840535938739,29157099520.0,0.0285,1586,88.47191995673337,0.0191476941108703,3900.625,6.208765506744385,157.0,164.79012979989184,avg,fake,Vivo,I2208,android,2.1
41.68698242807763,28.583830809444503,0.0326770804822444,0.0207777090012102,36.50404833250248,0.0278425365686416,34944032768.0,0.0256,1431,78.95820437726924,0.0162647925317287,5687.375,6.109358787536621,150.0,168.56370506554816,avg,fake,Oneplus,CPH2585,android,8.3
39.02215150766189,20.022639902315493,0.0472071170806884,0.0177776993150201,25.200868300859195,0.0098428912460803,8675729408.0,0.0192,979,91.02725796200832,0.0196448937058448,2839.625,5.581403732299805,125.0,164.53011792952475,avg,fake,Vivo,I2208,android,2.1
26.447374463028307,31.31239380126714,0.0229467265307903,0.0199158078095514,25.12346899199357,0.0193541664630174,20496265216.0,0.037,1886,77.58381768036,0.0167457405477762,4840.25,6.527440071105957,186.0,153.8995093627522,avg,fake,Vivo,I2208,android,2.1
47.41165920092196,31.36568605051484,0.0249714571982622,0.062579955889568,41.4317996669584,0.0415225997567176,43214483456.0,0.0338,1954,85.48957994213372,0.0169763937592506,6658.875,6.387576103210449,151.0,152.525918317751,avg,fake,Oneplus,CPH2585,android,8.3
85.5497349227653,39.14016204369113,0.0501569919288158,0.0622912461553248,35.168951254820044,0.3348845243453979,478776262656.0,0.0381,2082,25.937928687951217,0.0372528731822967,14251.25,6.641136169433594,210.0,178.9362142698855,avg,fake,Vivo,I2208,android,2.1
18.438577675716942,28.27969667016076,0.0282169450074434,0.0125446917560501,21.764014296530664,0.0076663237996399,8322908160.0,0.0328,1654,86.48009451574458,0.0185600519180297,3864.375,6.333104610443115,177.0,156.46705382299655,avg,fake,Vivo,I2208,android,2.1
52.49844602528288,28.31187572113466,0.0287826377898454,0.065301840712026,36.4704537250302,0.051282700151205,54514880512.0,0.0269,1473,83.66683604058417,0.0163324512541294,6316.25,6.2792863845825195,151.0,154.8055532790244,avg,fake,Vivo,I2208,android,2.1
15.315933837809844,28.402489134208835,0.0342694446444511,0.0023904026646422,20.391638339017156,0.0302665922790765,33444612096.0,0.0307,1765,82.45043592013428,0.0166829191148281,4618.125,6.122509479522705,150.0,157.8843360328247,avg,fake,Oneplus,CPH2585,android,8.3
144.38187063212123,31.930977569769652,0.0191525649279356,0.2624435449110773,63.03608421130722,0.1235470622777938,114022727680.0,0.0357,2143,91.26172204418958,0.0190611537545919,9478.875,6.609499931335449,159.0,143.20649444350744,avg,fake,Oneplus,CPH2585,android,8.3
16.112808798864133,29.87322135234495,0.0326372981071472,0.0122048791767834,23.308050351601903,0.0209591370075941,24645726208.0,0.0295,1573,83.9369129379119,0.0158379115164279,4662.125,6.2313761711120605,154.0,162.7641022083478,avg,fake,Vivo,I2208,android,2.1
56.16474784273711,27.713319332693064,0.0270471014082431,0.0714766029824769,39.70119035664128,0.04960548132658,44767342592.0,0.0242,1447,89.71834359576143,0.016270600259304,6172.5,6.261251449584961,146.0,142.3387260525032,avg,fake,Oneplus,CPH2585,android,8.3
37.49495977546182,27.602270498385135,0.0352409370243549,0.0224479031041136,27.376308656175787,0.0321631915867328,34109085696.0,0.0237,1369,100.37512435817824,0.0159644745290279,4386.25,6.064178466796875,146.0,154.71655015390368,avg,fake,Vivo,I2208,android,2.1
121.68894405460075,25.95602733829841,0.0328860022127628,0.0860972675717477,41.471966363762306,0.0351953394711017,38878732288.0,0.0247,1310,88.04354075208174,0.0150351403281092,5262.375,6.038487434387207,139.0,162.13524660594604,avg,fake,Vivo,I2208,android,2.1
53.312908724273136,26.726874808353212,0.0284542944282293,0.0445562326869806,36.67407416646766,0.0408073551952838,44352282624.0,0.0244,1524,80.5961972299169,0.0160628538578748,5621.5,6.219222068786621,143.0,156.8594349030471,avg,fake,Oneplus,CPH2585,android,8.3
18.355348729080458,29.21135924548657,0.0286965873092412,0.0023998925020155,21.847202256516603,0.027301613241434,34204178432.0,0.0271,1576,71.65639344262296,0.0149440541863441,4477.625,6.2656073570251465,157.0,168.29429454447728,avg,fake,Oneplus,CPH2585,android,8.3
50.36742010070922,29.33976185766937,0.0294718332588672,0.0674184940594207,36.8710413463883,0.0469468496739864,56189812736.0,0.0273,1560,76.98622933468494,0.0165266282856464,6563.875,6.221677780151367,151.0,164.3867227679969,avg,fake,Vivo,I2208,android,2.1
23.984575049803375,27.54205505662855,0.0342529900372028,0.0156752286133391,22.07036577097991,0.0190357193350791,17608491008.0,0.0272,1463,100.64049967229488,0.0183711424469947,3771.25,6.153529167175293,152.0,144.16324396866514,avg,fake,Vivo,I2208,android,2.1
20.096344567738896,28.654093649874763,0.0347701087594032,0.0116293434558972,28.700891886781484,0.0268485695123672,33622525952.0,0.0242,1413,75.07913681184161,0.0151287745684385,5273.875,6.069347858428955,155.0,168.35482132027582,avg,fake,Oneplus,CPH2585,android,8.3
42.92933871364878,28.229638945097335,0.0280475486069917,0.0646029941321205,40.927830426784645,0.0529402866959571,62751571968.0,0.0317,1913,73.8698612054673,0.0173957701772451,7052.75,6.24807071685791,181.0,163.7687238858245,avg,fake,Oneplus,CPH2585,android,8.3
58.022999279696194,27.699604243901653,0.0327010974287986,0.0388205391088897,36.751894152565896,0.0099287694320082,11297449984.0,0.0304,1547,85.76888162672476,0.0152675751596689,5273.75,6.22484016418457,162.0,160.4225618351916,avg,fake,Vivo,I2208,android,2.1
14.52750888264402,30.566350414884543,0.0273647755384445,0.0041096237383011,24.273943842353784,0.0216249208897352,28253964288.0,0.0346,1853,76.12185445979661,0.0155411027371883,5151.125,6.330097198486328,159.0,171.735980420714,avg,fake,Oneplus,CPH2585,android,8.3
22.823454046380014,28.63884787775312,0.0301073100417852,0.0129983587930816,30.87970552626965,0.0282556042075157,33007245312.0,0.0275,1536,73.02008332281278,0.0152389518916606,5783.375,6.22857141494751,157.0,162.44040398939526,avg,fake,Oneplus,CPH2585,android,8.3
52.19897353406042,26.483299619249262,0.031165400519967,0.0395538317367763,33.33978245946865,0.0357786789536476,36255084544.0,0.0252,1387,95.58575853810912,0.0147555656731128,5447.75,6.173715591430664,143.0,152.55994897959184,avg,fake,Vivo,I2208,android,2.1
19.833416790041007,28.873874051730244,0.0323359742760658,0.010760667903525,27.05370426663969,0.0181989632546901,22497388544.0,0.0279,1556,75.64933715635014,0.0158232469111681,4728.625,6.156766891479492,149.0,167.19553381683252,avg,fake,Oneplus,CPH2585,android,8.3
13.39191118731838,27.17372417426808,0.035065334290266,0.0022692963233503,20.508726926234026,0.0302625317126512,28966662144.0,0.0249,1429,87.04463923382842,0.0156902633607387,4431.0,5.96431303024292,139.0,146.8107783459135,avg,fake,Oneplus,CPH2585,android,8.3
14.169654400894904,29.762000850451873,0.0323836877942085,0.0026374484679972,19.90715514158899,0.0293310414999723,30266681344.0,0.0237,1380,87.29722036583253,0.0153589220717549,4481.375,6.128486156463623,148.0,152.13829140642832,avg,fake,Oneplus,CPH2585,android,8.3
16.996723255530075,28.79723905562774,0.0345405414700508,0.0118241510208269,23.20890642128493,0.0116564035415649,11680200704.0,0.0275,1343,86.43285113368216,0.0190183706581592,3832.25,6.160984516143799,164.0,150.02021134708116,avg,fake,Oneplus,CPH2585,android,8.3
22.59267133013847,29.72535469199012,0.0317370183765888,0.0108731516793149,26.685196999458995,0.0259828399866819,26004666368.0,0.0262,1339,92.09629299959332,0.0163051560521125,4313.625,6.2036895751953125,152.0,149.74966429048274,avg,fake,Oneplus,CPH2585,android,8.3
19.331325996525702,29.95031625772453,0.029196597635746,0.0088232514177693,24.721476288405317,0.0256157163530588,28210135040.0,0.028,1571,83.32343100189036,0.0158091560006141,4898.375,6.26141357421875,153.0,157.32475425330813,avg,fake,Oneplus,CPH2585,android,8.3
24.62738398408591,26.91786899654561,0.0368503108620643,0.0116635313087879,25.080931833541737,0.0313955247402191,32675086336.0,0.0197,1067,90.78362805697394,0.0172046311199665,3685.5,5.982576370239258,147.0,153.3340929857565,avg,fake,Oneplus,CPH2585,android,8.3
41.7197083553097,31.000427801702724,0.023723654448986,0.0690284365983666,40.71975058285332,0.0726915746927261,66519597056.0,0.0338,2041,83.28786859993154,0.0170203000307083,8027.25,6.512543678283691,163.0,142.71105249645458,avg,fake,Oneplus,CPH2585,android,8.3
43.40589401143334,29.455514215909705,0.0283120106905698,0.0524840080801279,40.11933270625455,0.0302961710840463,34140831744.0,0.0276,1634,78.7535876609713,0.0164395123720169,6451.375,6.244596004486084,146.0,159.32500420839995,avg,fake,Oneplus,CPH2585,android,8.3
15.858464189140548,26.204913240493372,0.0436570905148983,0.0166051097341351,19.121491093952564,0.019959220662713,26540709888.0,0.0232,1271,76.87811727358749,0.0206485223025083,3484.875,5.830136299133301,144.0,174.0023122004823,avg,fake,Vivo,I2208,android,2.1
23.6199753898274,27.45493570117894,0.0359177403151989,0.0194097495171824,22.238808750034593,0.0126804010942578,14959156224.0,0.0288,1523,94.44103803340418,0.0203444920480251,3752.375,6.085415363311768,150.0,163.45489659455944,avg,fake,Vivo,I2208,android,2.1
4.642930055909273,30.9679859207698,0.0574144758284091,0.0027636144680621,11.846594907712849,0.0196057464927434,27229229056.0,0.0232,1272,112.46732103087452,0.0222291350364685,3543.5,5.406028747558594,146.0,178.57908916516456,avg,fake,Vivo,I2208,android,2.1
6.677521350633756,27.168453918212688,0.0369778238236904,0.0044203185934298,15.90559751027318,0.0159750748425722,18435268608.0,0.0214,1064,104.15576046004362,0.0203668288886547,4618.5,5.8597869873046875,138.0,161.6633245753189,avg,real,Vivo,I2208,android,2.1
7.135946004980752,24.599993558967707,0.0437195561826229,0.002558771789541,14.060647210080148,0.0191592667251825,25018675200.0,0.0217,1105,102.17679297720878,0.0215737633407115,3983.625,5.73887300491333,137.0,172.62592658226754,avg,real,Vivo,I2208,android,2.1
6.9950127497936485,25.00315017535139,0.0434835217893123,0.0012650951984136,12.956492900200688,0.0151718631386756,20796301312.0,0.0233,1372,98.7917598299272,0.0200259257107973,4005.625,5.757890701293945,141.0,176.8961191829685,avg,real,Vivo,I2208,android,2.1
25.205955211349288,21.2786913230985,0.0417572855949401,0.0059522446830429,17.760327852345785,0.0331832915544509,23473258496.0,0.0206,1098,102.303558755523,0.0180138610303401,3252.25,5.80603551864624,128.0,126.57434582541607,avg,real,Vivo,I2208,android,2.1
18.784693586868176,18.730577883534316,0.0547954253852367,0.000669244497323,14.43581840525288,0.0127941137179732,15008048128.0,0.015,863,105.81323534271928,0.0200145877897739,2858.625,5.4250311851501465,118.0,164.20978336307752,avg,real,Vivo,I2208,android,2.1
19.241799256790593,18.89293651839181,0.0542215071618557,0.0025201199822976,14.163392890769565,0.0100406585261225,11605761024.0,0.0166,896,108.37664934681769,0.0196780059486627,2696.125,5.393563747406006,116.0,162.96794325427396,avg,real,Vivo,I2208,android,2.1
8.73658503333208,26.951496193620763,0.033213336020708,0.0006693793219767,14.305241291814802,0.0230282302945852,24373796864.0,0.0252,1350,117.9085190377804,0.0194813776761293,4462.875,6.068912506103516,138.0,154.66402165204926,avg,real,Vivo,I2208,android,2.1
27.342741095699186,27.612100965939625,0.0316203311085701,0.0169629571618764,30.02323953320543,0.0454805754125118,35593908224.0,0.0258,1375,111.87707729657764,0.0162555240094661,6600.0,6.041887283325195,139.0,132.18177147779778,avg,real,Oneplus,CPH2585,android,8.3
15.848500967396252,21.700395894971926,0.0519117452204227,0.0056546439423966,15.82786285139834,0.01465196441859,18800814080.0,0.0177,909,92.1722393975426,0.01924529671669,3237.25,5.474323272705078,119.0,171.48856652133702,avg,real,Vivo,I2208,android,2.1
14.71210620577067,24.98133445937354,0.0403634347021579,0.0043036011080332,18.22895338433328,0.0135411452502012,12606427136.0,0.023,1203,115.1582138504155,0.0198907200247049,4055.75,5.8500542640686035,131.0,145.10424819944598,avg,real,Oneplus,CPH2585,android,8.3
19.896030981571577,18.383760035680627,0.0387643724679946,0.0031600114909508,16.51824597165247,0.0117802349850535,14066146304.0,0.0225,1151,99.3933188328477,0.0199048295617103,3175.875,5.696096420288086,117.0,165.72985712526895,avg,real,Vivo,I2208,android,2.1
16.28920819914526,22.491623516777153,0.0426207035779953,0.0053651236931269,16.96203039209679,0.0146582471206784,15583905792.0,0.0217,1076,111.2900770235575,0.0196391958743333,3795.25,5.749145030975342,127.0,155.72795019243378,avg,real,Vivo,I2208,android,2.1
19.614774960166493,21.60125970720453,0.0443823486566543,0.010215561039338,18.682940450766573,0.0214740876108407,22907459584.0,0.0224,1139,116.76525076208448,0.021928671747446,3023.625,5.674774169921875,130.0,156.12227826970533,avg,real,Vivo,I2208,android,2.1
12.85346741268408,24.77837656803317,0.03549799695611,0.0025423655529645,19.29473246861193,0.0162937026470899,13972165632.0,0.0257,1373,108.46886466947808,0.0164607148617506,5871.375,5.963888168334961,130.0,139.13119701603534,avg,real,Oneplus,CPH2585,android,8.3
17.029474227800364,18.01913275306209,0.0475718602538108,0.0049311819231609,15.071834864822751,0.0137806506827473,17764042752.0,0.0171,941,95.7784323210886,0.0223034024238586,2326.75,5.5602874755859375,127.0,172.30863581036795,avg,real,Vivo,I2208,android,2.1
14.717163744756048,23.989198110469054,0.037865649908781,0.0034525507123495,21.470575054207448,0.0258197970688343,17536954368.0,0.022,1170,121.38941560360222,0.0158380381762981,5405.625,5.867718696594238,119.0,123.47055215117996,avg,real,Oneplus,CPH2585,android,8.3
23.683924741623937,17.418696935625107,0.0394903495907783,0.0020634989955454,15.8154340127252,0.0163196083158254,14859482112.0,0.021,1107,102.51512140798324,0.0191487148404121,2735.75,5.831364631652832,124.0,145.72159140536291,avg,real,Vivo,I2208,android,2.1
25.989831549439717,22.554779067740487,0.0513574555516243,0.0067659313630403,19.60401691761854,0.0086341286078095,8034355712.0,0.0221,958,88.45684778982162,0.0185863561928272,3107.75,5.5508198738098145,168.0,145.46896749714853,avg,real,Vivo,I2208,android,2.1
12.7287779917629,19.205662796854487,0.0411244817078113,0.0004960189646731,14.122398809272754,0.0203829240053892,17088633856.0,0.0173,894,106.80398876549252,0.0213286764919757,2542.0,5.754082202911377,114.0,139.5041678476642,avg,real,Vivo,I2208,android,2.1
17.370844834468716,22.372773931714377,0.0472563952207565,0.0049259876482697,17.517967126792698,0.018253706395626,20714192896.0,0.0181,921,104.5852796294481,0.0193238984793424,3505.0,5.571358680725098,120.0,161.01077712969317,avg,real,Vivo,I2208,android,2.1
13.819299103047047,27.511921745822495,0.0385168381035327,0.0058607996829265,19.874790080816307,0.0079071903601288,7614007296.0,0.0276,1455,106.28064797675918,0.0191020127385854,4770.0,5.991003513336182,176.0,147.2027794526266,avg,real,Oneplus,CPH2585,android,8.3
21.78866187689916,19.022324279116404,0.0443801917135715,0.0039519204060503,17.37103532287822,0.0149697456508874,14703032320.0,0.0233,1128,113.85581172192622,0.0197474788874387,3126.875,5.638820648193359,121.0,150.0323097901568,avg,real,Vivo,I2208,android,2.1
14.65629406031838,27.392234096921054,0.0327400341629982,0.0058735445763042,21.98178138844217,0.0281306151300668,29299353600.0,0.0231,1274,107.1359086779962,0.0158543027937412,4598.375,6.04864501953125,149.0,154.5622881935947,avg,real,Oneplus,CPH2585,android,8.3
19.796239696299946,18.50139959235328,0.0492619425058364,0.0031249696722663,17.92086397157961,0.0148263834416866,17650096128.0,0.0171,907,95.34001028716725,0.0192301385104656,2680.25,5.512787818908691,117.0,165.46037014392329,avg,real,Vivo,I2208,android,2.1
27.579220949079954,18.67372720993272,0.0591632388532161,0.0128532235939643,20.12613693612511,0.010921006090939,11645125632.0,0.0121,641,99.48301783264746,0.0176325589418411,2694.875,5.190094470977783,104.0,156.46577503429356,avg,real,Vivo,I2208,android,2.1
7.735301807130444,10.852537664400216,0.0842816308140754,0.0033664087592852,10.656195307732084,0.0105040892958641,8516741120.0,0.0085,405,102.4529089082902,0.0243970956653356,1376.0,4.7693657875061035,84.0,136.9714131190605,avg,real,Vivo,I2208,android,2.1
12.613914626947016,27.414354247120453,0.040724042803049,0.0012700152736047,17.475851665874213,0.0232497584074735,31682027520.0,0.0231,1264,90.7429956986588,0.0181270837783813,4421.875,5.763182640075684,145.0,176.01278370637246,avg,real,Oneplus,CPH2585,android,8.3
21.872579637210396,16.40818752933135,0.0528526566922664,0.0093505734531375,19.347768069607227,0.0248462744057178,12924015616.0,0.0143,713,127.990393746804,0.0196169316768646,2058.625,5.429501056671143,107.0,130.68933084958726,avg,real,Vivo,I2208,android,2.1
15.66188866338392,19.6636838254287,0.0365128405392169,0.0,15.170614288009656,0.0414144322276115,32498860032.0,0.021,1078,107.81162629701753,0.0219421833753585,2530.125,5.904537200927734,134.0,133.74022404041958,avg,real,Oneplus,CPH2585,android,8.3
10.503841253732997,26.495240617366196,0.0431335680186748,0.0012009540446116,17.85852769152467,0.0183880720287561,25911029760.0,0.0208,1130,88.09007155334588,0.0186743233352899,4099.25,5.683396816253662,139.0,179.1951760279495,avg,real,Oneplus,CPH2585,android,8.3
11.130657925742952,20.094475438099497,0.0652204379439354,0.0025105328873131,14.255622282400877,0.0104731954634189,13341772800.0,0.0127,678,85.73955224378876,0.0202110484242439,2625.75,5.12604284286499,110.0,171.0506713672389,avg,real,Vivo,I2208,android,2.1
12.80596858255461,29.404085585342788,0.0409235581755638,0.0058785007716729,19.376924556935368,0.0072226151823997,9697177600.0,0.0324,1606,86.6212713646164,0.020380787551403,5170.25,5.912341594696045,199.0,174.35680010416627,avg,real,Oneplus,CPH2585,android,8.3
29.418568914315827,27.47624735994384,0.0345576256513595,0.0117707891728009,22.14240082666016,0.0266842637211084,32002990080.0,0.0283,1539,110.71968178723294,0.0157642737030982,5414.625,6.050721645355225,141.0,164.85619724823678,avg,real,Vivo,I2208,android,2.1
15.0379280670682,27.927565069981917,0.0352354571223259,0.0057156048014773,22.759003845324703,0.0263257157057523,26769752064.0,0.0215,1198,103.99196368113266,0.0157283283770084,6806.125,5.854302883148193,134.0,151.33714989227454,avg,real,Oneplus,CPH2585,android,8.3
19.272935223076715,19.57753263966493,0.0475080087780952,0.0011204267197831,15.439587393513929,0.0178342722356319,17986607104.0,0.0182,1022,109.05046229572562,0.0190315879881382,2737.875,5.4930739402771,112.0,151.9920085803619,avg,real,Vivo,I2208,android,2.1
15.434431847714016,21.025350546725463,0.0572023652493953,0.0059171597633136,16.831192865543084,0.0159230045974254,21460842496.0,0.0189,998,86.36076686390533,0.0209114104509353,2799.875,5.361745357513428,119.0,175.89973964497042,avg,real,Vivo,I2208,android,2.1
12.622862031016451,24.917126925536365,0.0477701835334301,0.0055270724826388,19.103657925989737,0.0112992329522967,15895118848.0,0.017,931,87.18771701388889,0.0202298872172832,3760.125,5.585153102874756,133.0,179.26447211371527,avg,real,Oneplus,CPH2585,android,8.3
9.9587924736,22.66723223747408,0.0406440012156963,0.0,15.279287710670484,0.0314020775258541,23596175360.0,0.0185,989,103.147328,0.0184038393199443,3502.125,5.7862138748168945,125.0,130.325304,avg,real,Oneplus,CPH2585,android,8.3
20.73390542564466,15.614791255990925,0.0563290454447269,0.0,17.51155494627758,0.0167551767081022,8062921216.0,0.0092,458,120.37240939525984,0.0189171880483627,2452.625,5.240077018737793,93.0,104.70510504127256,avg,real,Oneplus,CPH2585,android,8.3
21.180104575098003,18.010644228183587,0.0553875230252742,0.0141776937618147,20.214231682546178,0.0085601862519979,6001558016.0,0.0182,918,83.90542533081286,0.0191826317459344,2133.0,5.293864727020264,108.0,157.25512287334593,avg,real,Vivo,I2208,android,2.1
16.319763314338832,24.06514465747108,0.0402606539428234,0.0054668402593261,21.6326722529194,0.0264839977025985,17013815296.0,0.0203,1090,115.45293070464449,0.0178440995514392,4335.75,5.903770446777344,126.0,119.9290639281539,avg,real,Oneplus,CPH2585,android,8.3
19.521274074696468,26.20708846085226,0.0366497747600078,0.0077252301878225,24.207015259724187,0.0232272949069738,24134379520.0,0.0213,1089,106.59283296276266,0.0175841636955738,5027.375,5.906731128692627,140.0,153.3319645587538,avg,real,Oneplus,CPH2585,android,8.3
19.660715440682218,22.752215229999447,0.0490805059671402,0.007393668247991,16.781012209581075,0.0117216585204005,8686397440.0,0.0181,919,88.87137259298136,0.0195938162505626,3725.25,5.58784294128418,150.0,130.43474361652798,avg,real,Oneplus,CPH2585,android,8.3
18.82704589671255,21.455409474833147,0.0529074594378471,0.0036510541598283,15.791866656744547,0.011490324512124,8180133376.0,0.0161,795,88.34349198333544,0.0195501018315553,3146.875,5.497379302978516,121.0,126.96001009973487,avg,real,Oneplus,CPH2585,android,8.3
158.3274538943381,33.88723225991091,0.0200215522199869,0.2675480130056118,64.53631398283699,0.1062800511717796,114633048064.0,0.0411,2590,86.02092653322076,0.018907381221652,9503.375,6.659074783325195,174.0,154.94157737359413,avg,fake,Oneplus,CPH2585,android,8.3
15.092343639721136,21.022394619267907,0.0563000813126564,0.007664942460718,18.346258338975833,0.0215262286365032,24351797248.0,0.0191,1018,81.50317806197395,0.0185571238398551,3022.125,5.382819175720215,117.0,160.93948802918388,avg,real,Oneplus,CPH2585,android,8.3
43.13278674535972,19.54436722674307,0.0408918745815753,0.0172893709825528,32.056199935782004,0.0550383366644382,29121406976.0,0.0172,836,126.77741907713498,0.0162097699940204,3887.875,5.683050155639648,112.0,109.28351698806244,avg,real,Oneplus,CPH2585,android,8.3
32.83239317137628,28.00417754022576,0.0355388112366199,0.0222090025778306,33.086360138052655,0.0303945858031511,33523056640.0,0.0236,1302,96.29921196230931,0.0151070086285471,6169.875,5.894686698913574,149.0,157.81377927600414,avg,real,Oneplus,CPH2585,android,8.3
25.771686807753145,26.560697577075977,0.0332035832107067,0.0112933943666677,27.931863376909856,0.0234916321933269,21412931584.0,0.0295,1457,111.64367336028602,0.0165608562529087,4657.25,6.027602195739746,139.0,143.26233753215945,avg,real,Oneplus,CPH2585,android,8.3
23.304282090663914,26.459561372006196,0.036865234375,0.01205078125,30.382544006655706,0.023566775023937225,23080916992.0,0.0217,1087,101.785546875,0.016132967546582222,5842.0,5.848389625549316,131.0,148.6941796875,avg,real,Oneplus,CPH2585,android,8.3
